TreeDepth,PID,PPID,ImageFileName,Offset(V),Threads,Handles,SessionId,Wow64,CreateTime,ExitTime,Audit,Cmd,Path
0,4,0,System,0xba8ee7067080,113,-,N/A,False,2026-04-08 18:51:48.000000 UTC,N/A,-,-,-
1,336,4,smss.exe,0xba8ee78da040,2,-,N/A,False,2026-04-08 18:51:48.000000 UTC,N/A,\\Device\\HarddiskVolume2\\Windows\\System32\\smss.exe,\\SystemRoot\\System32\\smss.exe,\\SystemRoot\\System32\\smss.exe
1,92,4,Registry,0xba8ee71e1080,4,-,N/A,False,2026-04-08 18:51:42.000000 UTC,N/A,Registry,-,-
1,1804,4,MemCompression,0xba8ee75a1040,58,-,N/A,False,2026-04-08 18:51:59.000000 UTC,N/A,MemCompression,-,-
0,436,420,csrss.exe,0xba8ee81a8080,10,-,0,False,2026-04-08 18:51:55.000000 UTC,N/A,\\Device\\HarddiskVolume2\\Windows\\System32\\csrss.exe,"%SystemRoot%\\system32\\csrss.exe ObjectDirectory=\\Windows SharedSection=1024,20480,768 Windows=On SubSystemType=Windows ServerDll=basesrv,1 ServerDll=winsrv:UserServerDllInitialization,3 ServerDll=sxssrv,4 ProfileControl=Off MaxRequestThreads=16",C:\\Windows\\system32\\csrss.exe
0,524,516,csrss.exe,0xba8ee81ba140,12,-,1,False,2026-04-08 18:51:56.000000 UTC,N/A,\\Device\\HarddiskVolume2\\Windows\\System32\\csrss.exe,"%SystemRoot%\\system32\\csrss.exe ObjectDirectory=\\Windows SharedSection=1024,20480,768 Windows=On SubSystemType=Windows ServerDll=basesrv,1 ServerDll=winsrv:UserServerDllInitialization,3 ServerDll=sxssrv,4 ProfileControl=Off MaxRequestThreads=16",C:\\Windows\\system32\\csrss.exe
0,536,420,wininit.exe,0xba8ee81c0080,1,-,0,False,2026-04-08 18:51:56.000000 UTC,N/A,\\Device\\HarddiskVolume2\\Windows\\System32\\wininit.exe,wininit.exe,C:\\Windows\\system32\\wininit.exe
1,656,536,services.exe,0xba8ee7f95080,5,-,0,False,2026-04-08 18:51:56.000000 UTC,N/A,\\Device\\HarddiskVolume2\\Windows\\System32\\services.exe,C:\\Windows\\system32\\services.exe,C:\\Windows\\system32\\services.exe
2,8,656,svchost.exe,0xba8ee8d50080,3,-,0,False,2026-04-08 18:51:58.000000 UTC,N/A,\\Device\\HarddiskVolume2\\Windows\\System32\\svchost.exe,C:\\Windows\\System32\\svchost.exe -k LocalServiceNetworkRestricted -p -s lmhosts,C:\\Windows\\System32\\svchost.exe
2,520,656,svchost.exe,0xba8ee8d5c080,1,-,0,False,2026-04-08 18:51:58.000000 UTC,N/A,\\Device\\HarddiskVolume2\\Windows\\System32\\svchost.exe,C:\\Windows\\System32\\svchost.exe -k LocalSystemNetworkRestricted -p -s NcbService,C:\\Windows\\System32\\svchost.exe
2,1548,656,VBoxService.ex,0xba8ee8f24080,12,-,0,False,2026-04-08 18:51:59.000000 UTC,N/A,\\Device\\HarddiskVolume2\\Windows\\System32\\VBoxService.exe,C:\\Windows\\System32\\VBoxService.exe,C:\\Windows\\System32\\VBoxService.exe
2,2060,656,svchost.exe,0xba8eec9cd080,3,-,0,False,2026-04-08 18:52:00.000000 UTC,N/A,\\Device\\HarddiskVolume2\\Windows\\System32\\svchost.exe,C:\\Windows\\System32\\svchost.exe -k LocalServiceNetworkRestricted -p,C:\\Windows\\System32\\svchost.exe
2,6160,656,svchost.exe,0xba8ee8eb5080,3,-,0,False,2026-04-08 18:54:12.000000 UTC,N/A,\\Device\\HarddiskVolume2\\Windows\\System32\\svchost.exe,C:\\Windows\\System32\\svchost.exe -k LocalSystemNetworkRestricted -p,C:\\Windows\\System32\\svchost.exe
2,532,656,svchost.exe,0xba8eeecc9080,0,-,0,False,2026-04-08 18:56:19.000000 UTC,2026-04-08 18:56:26.000000 UTC,\\Device\\HarddiskVolume2\\Windows\\System32\\svchost.exe,-,-
2,2072,656,svchost.exe,0xba8eec9d4080,4,-,0,False,2026-04-08 18:52:01.000000 UTC,N/A,\\Device\\HarddiskVolume2\\Windows\\System32\\svchost.exe,C:\\Windows\\system32\\svchost.exe -k LocalServiceNetworkRestricted -p,C:\\Windows\\system32\\svchost.exe
2,5672,656,SecurityHealth,0xba8eee15c080,10,-,0,False,2026-04-08 18:54:27.000000 UTC,N/A,\\Device\\HarddiskVolume2\\Windows\\System32\\SecurityHealthService.exe,C:\\Windows\\system32\\SecurityHealthService.exe,C:\\Windows\\system32\\SecurityHealthService.exe
2,4148,656,svchost.exe,0xba8eed3b6080,7,-,0,False,2026-04-08 18:52:19.000000 UTC,N/A,\\Device\\HarddiskVolume2\\Windows\\System32\\svchost.exe,C:\\Windows\\system32\\svchost.exe -k netsvcs -p -s TokenBroker,C:\\Windows\\system32\\svchost.exe
2,3128,656,svchost.exe,0xba8eece240c0,11,-,0,False,2026-04-08 18:52:04.000000 UTC,N/A,\\Device\\HarddiskVolume2\\Windows\\System32\\svchost.exe,C:\\Windows\\System32\\svchost.exe -k netsvcs,C:\\Windows\\System32\\svchost.exe
2,5692,656,svchost.exe,0xba8eeddca0c0,12,-,0,False,2026-04-08 18:54:11.000000 UTC,N/A,\\Device\\HarddiskVolume2\\Windows\\System32\\svchost.exe,C:\\Windows\\System32\\svchost.exe -k netsvcs -p -s BITS,C:\\Windows\\System32\\svchost.exe
2,7748,656,svchost.exe,0xba8eee817300,1,-,0,False,2026-04-08 19:03:22.000000 UTC,N/A,\\Device\\HarddiskVolume2\\Windows\\System32\\svchost.exe,C:\\Windows\\system32\\svchost.exe -k netsvcs -p -s lfsvc,C:\\Windows\\system32\\svchost.exe
2,1100,656,svchost.exe,0xba8ee8d99080,8,-,0,False,2026-04-08 18:51:58.000000 UTC,N/A,\\Device\\HarddiskVolume2\\Windows\\System32\\svchost.exe,C:\\Windows\\system32\\svchost.exe -k netsvcs -p -s Schedule,C:\\Windows\\system32\\svchost.exe
3,4960,1100,taskhostw.exe,0xba8eed451240,8,-,1,False,2026-04-08 18:54:05.000000 UTC,N/A,\\Device\\HarddiskVolume2\\Windows\\System32\\taskhostw.exe,taskhostw.exe {222A245B-E637-4AE9-A93F-A59CA119A75E},C:\\Windows\\system32\\taskhostw.exe
3,5000,1100,MicrosoftEdgeU,0xba8eed5cb0c0,4,-,0,True,2026-04-08 18:54:05.000000 UTC,N/A,\\Device\\HarddiskVolume2\\Program Files (x86)\\Microsoft\\EdgeUpdate\\MicrosoftEdgeUpdate.exe,"""C:\\Program Files (x86)\\Microsoft\\EdgeUpdate\\MicrosoftEdgeUpdate.exe"" /c",C:\\Program Files (x86)\\Microsoft\\EdgeUpdate\\MicrosoftEdgeUpdate.exe
2,7252,656,svchost.exe,0xba8eee049080,1,-,1,False,2026-04-08 18:54:24.000000 UTC,N/A,\\Device\\HarddiskVolume2\\Windows\\System32\\svchost.exe,C:\\Windows\\system32\\svchost.exe -k UdkSvcGroup -s UdkUserSvc,C:\\Windows\\system32\\svchost.exe
2,1112,656,svchost.exe,0xba8ee8dd50c0,7,-,0,False,2026-04-08 18:51:58.000000 UTC,N/A,\\Device\\HarddiskVolume2\\Windows\\System32\\svchost.exe,C:\\Windows\\System32\\svchost.exe -k LocalServiceNetworkRestricted -p -s EventLog,C:\\Windows\\System32\\svchost.exe
2,6744,656,svchost.exe,0xba8eee109080,3,-,0,False,2026-04-08 18:54:13.000000 UTC,N/A,\\Device\\HarddiskVolume2\\Windows\\System32\\svchost.exe,C:\\Windows\\system32\\svchost.exe -k LocalService -s W32Time,C:\\Windows\\system32\\svchost.exe
2,2152,656,svchost.exe,0xba8eeca27080,2,-,0,False,2026-04-08 18:52:01.000000 UTC,N/A,\\Device\\HarddiskVolume2\\Windows\\System32\\svchost.exe,C:\\Windows\\System32\\svchost.exe -k netsvcs -p -s ShellHWDetection,C:\\Windows\\System32\\svchost.exe
2,2664,656,svchost.exe,0xba8eecc3a080,5,-,0,False,2026-04-08 18:52:03.000000 UTC,N/A,\\Device\\HarddiskVolume2\\Windows\\System32\\svchost.exe,C:\\Windows\\System32\\svchost.exe -k netsvcs -p -s Browser,C:\\Windows\\System32\\svchost.exe
2,1132,656,svchost.exe,0xba8ee8dde080,2,-,0,False,2026-04-08 18:51:58.000000 UTC,N/A,\\Device\\HarddiskVolume2\\Windows\\System32\\svchost.exe,C:\\Windows\\system32\\svchost.exe -k netsvcs -p -s ProfSvc,C:\\Windows\\system32\\svchost.exe
2,1648,656,svchost.exe,0xba8ee8f820c0,4,-,0,False,2026-04-08 18:51:59.000000 UTC,N/A,\\Device\\HarddiskVolume2\\Windows\\System32\\svchost.exe,C:\\Windows\\system32\\svchost.exe -k LocalService -p -s EventSystem,C:\\Windows\\system32\\svchost.exe
2,5752,656,svchost.exe,0xba8eedf6f0c0,7,-,0,False,2026-04-08 18:54:11.000000 UTC,N/A,\\Device\\HarddiskVolume2\\Windows\\System32\\svchost.exe,C:\\Windows\\system32\\svchost.exe -k LocalServiceAndNoImpersonation -p -s SSDPSRV,C:\\Windows\\system32\\svchost.exe
2,2680,656,OfficeClickToR,0xba8eecc0a080,17,-,0,False,2026-04-08 18:52:03.000000 UTC,N/A,\\Device\\HarddiskVolume2\\Program Files\\Common Files\\microsoft shared\\ClickToRun\\OfficeClickToRun.exe,"""C:\\Program Files\\Common Files\\Microsoft Shared\\ClickToRun\\OfficeClickToRun.exe"" /service",C:\\Program Files\\Common Files\\Microsoft Shared\\ClickToRun\\OfficeClickToRun.exe
2,2688,656,svchost.exe,0xba8eecc61080,6,-,0,False,2026-04-08 18:52:03.000000 UTC,N/A,\\Device\\HarddiskVolume2\\Windows\\System32\\svchost.exe,C:\\Windows\\system32\\svchost.exe -k NetworkService -p -s CryptSvc,C:\\Windows\\system32\\svchost.exe
2,3200,656,svchost.exe,0xba8eece670c0,5,-,0,False,2026-04-08 18:52:05.000000 UTC,N/A,\\Device\\HarddiskVolume2\\Windows\\System32\\svchost.exe,C:\\Windows\\System32\\svchost.exe -k LocalServiceNetworkRestricted -s RmSvc,C:\\Windows\\System32\\svchost.exe
2,2696,656,svchost.exe,0xba8eecc64080,12,-,0,False,2026-04-08 18:52:03.000000 UTC,N/A,\\Device\\HarddiskVolume2\\Windows\\System32\\svchost.exe,C:\\Windows\\System32\\svchost.exe -k utcsvc -p,C:\\Windows\\System32\\svchost.exe
3,3916,2696,AggregatorHost,0xba8eed230080,5,-,0,False,2026-04-08 18:52:11.000000 UTC,N/A,\\Device\\HarddiskVolume2\\Windows\\System32\\AggregatorHost.exe,AggregatorHost.exe,C:\\Windows\\System32\\AggregatorHost.exe
2,8844,656,svchost.exe,0xba8eede4d080,3,-,0,False,2026-04-09 02:44:58.000000 UTC,N/A,\\Device\\HarddiskVolume2\\Windows\\System32\\svchost.exe,C:\\Windows\\system32\\svchost.exe -k netsvcs -p -s gpsvc,C:\\Windows\\system32\\svchost.exe
2,1680,656,svchost.exe,0xba8eec80a080,5,-,0,False,2026-04-08 18:51:59.000000 UTC,N/A,\\Device\\HarddiskVolume2\\Windows\\System32\\svchost.exe,C:\\Windows\\system32\\svchost.exe -k LocalSystemNetworkRestricted -p -s SysMain,C:\\Windows\\system32\\svchost.exe
2,2708,656,svchost.exe,0xba8eecc69080,15,-,0,False,2026-04-08 18:52:03.000000 UTC,N/A,\\Device\\HarddiskVolume2\\Windows\\System32\\svchost.exe,C:\\Windows\\System32\\svchost.exe -k LocalServiceNoNetwork -p -s DPS,C:\\Windows\\System32\\svchost.exe
2,1180,656,svchost.exe,0xba8ee8e21080,2,-,0,False,2026-04-08 18:51:58.000000 UTC,N/A,\\Device\\HarddiskVolume2\\Windows\\System32\\svchost.exe,C:\\Windows\\system32\\svchost.exe -k LocalServiceNoNetwork -p,C:\\Windows\\system32\\svchost.exe
2,5792,656,svchost.exe,0xba8eedf73080,8,-,0,False,2026-04-08 18:54:11.000000 UTC,N/A,\\Device\\HarddiskVolume2\\Windows\\System32\\svchost.exe,C:\\Windows\\System32\\svchost.exe -k NetworkService -p -s DoSvc,C:\\Windows\\System32\\svchost.exe
2,1700,656,svchost.exe,0xba8eec80d080,3,-,0,False,2026-04-08 18:51:59.000000 UTC,N/A,\\Device\\HarddiskVolume2\\Windows\\System32\\svchost.exe,C:\\Windows\\System32\\svchost.exe -k netsvcs -p -s Themes,C:\\Windows\\System32\\svchost.exe
2,4772,656,svchost.exe,0xba8eed33e080,7,-,1,False,2026-04-08 18:54:05.000000 UTC,N/A,\\Device\\HarddiskVolume2\\Windows\\System32\\svchost.exe,C:\\Windows\\system32\\svchost.exe -k UnistackSvcGroup -s CDPUserSvc,C:\\Windows\\system32\\svchost.exe
2,2728,656,svchost.exe,0xba8eecc7f0c0,15,-,0,False,2026-04-08 18:52:03.000000 UTC,N/A,\\Device\\HarddiskVolume2\\Windows\\System32\\svchost.exe,C:\\Windows\\system32\\svchost.exe -k netsvcs -p -s Winmgmt,C:\\Windows\\system32\\svchost.exe
2,684,656,svchost.exe,0xba8ee8d5a080,1,-,0,False,2026-04-08 18:51:58.000000 UTC,N/A,\\Device\\HarddiskVolume2\\Windows\\System32\\svchost.exe,C:\\Windows\\system32\\svchost.exe -k LocalServiceNetworkRestricted -p -s TimeBrokerSvc,C:\\Windows\\system32\\svchost.exe
2,6828,656,svchost.exe,0xba8eee0a7080,8,-,0,False,2026-04-08 18:54:13.000000 UTC,N/A,\\Device\\HarddiskVolume2\\Windows\\System32\\svchost.exe,C:\\Windows\\System32\\svchost.exe -k LocalServiceNetworkRestricted -p -s wscsvc,C:\\Windows\\System32\\svchost.exe
2,1732,656,svchost.exe,0xba8eec842080,6,-,0,False,2026-04-08 18:51:59.000000 UTC,N/A,\\Device\\HarddiskVolume2\\Windows\\System32\\svchost.exe,C:\\Windows\\System32\\svchost.exe -k LocalService -p -s netprofm,C:\\Windows\\System32\\svchost.exe
2,4804,656,svchost.exe,0xba8eed33f080,2,-,1,False,2026-04-08 18:54:05.000000 UTC,N/A,\\Device\\HarddiskVolume2\\Windows\\System32\\svchost.exe,C:\\Windows\\system32\\svchost.exe -k UnistackSvcGroup -s WpnUserService,C:\\Windows\\system32\\svchost.exe
2,1228,656,svchost.exe,0xba8ee8e38080,1,-,0,False,2026-04-08 18:51:58.000000 UTC,N/A,\\Device\\HarddiskVolume2\\Windows\\System32\\svchost.exe,C:\\Windows\\system32\\svchost.exe -k LocalService -p -s nsi,C:\\Windows\\system32\\svchost.exe
2,1236,656,svchost.exe,0xba8ee8e4d080,5,-,0,False,2026-04-08 18:51:58.000000 UTC,N/A,\\Device\\HarddiskVolume2\\Windows\\System32\\svchost.exe,C:\\Windows\\system32\\svchost.exe -k netsvcs -p -s UserManager,C:\\Windows\\system32\\svchost.exe
3,4728,1236,sihost.exe,0xba8ee7589080,8,-,1,False,2026-04-08 18:54:04.000000 UTC,N/A,\\Device\\HarddiskVolume2\\Windows\\System32\\sihost.exe,sihost.exe,C:\\Windows\\system32\\sihost.exe
4,8032,4728,CalculatorApp.,0xba8eee10a080,14,-,1,False,2026-04-08 18:55:20.000000 UTC,N/A,\\Device\\HarddiskVolume2\\Program Files\\WindowsApps\\Microsoft.WindowsCalculator_11.2508.4.0_x64__8wekyb3d8bbwe\\CalculatorApp.exe,"""C:\\Program Files\\WindowsApps\\Microsoft.WindowsCalculator_11.2508.4.0_x64__8wekyb3d8bbwe\\CalculatorApp.exe"" ",C:\\Program Files\\WindowsApps\\Microsoft.WindowsCalculator_11.2508.4.0_x64__8wekyb3d8bbwe\\CalculatorApp.exe
4,9048,4728,CalculatorApp.,0xba8eeea74080,8,-,1,False,2026-04-09 02:21:46.000000 UTC,N/A,\\Device\\HarddiskVolume2\\Program Files\\WindowsApps\\Microsoft.WindowsCalculator_11.2508.4.0_x64__8wekyb3d8bbwe\\CalculatorApp.exe,"""C:\\Program Files\\WindowsApps\\Microsoft.WindowsCalculator_11.2508.4.0_x64__8wekyb3d8bbwe\\CalculatorApp.exe""",C:\\Program Files\\WindowsApps\\Microsoft.WindowsCalculator_11.2508.4.0_x64__8wekyb3d8bbwe\\CalculatorApp.exe
2,2772,656,MpDefenderCore,0xba8eecc852c0,9,-,0,False,2026-04-08 18:52:03.000000 UTC,N/A,\\Device\\HarddiskVolume2\\ProgramData\\Microsoft\\Windows Defender\\Platform\\4.18.26010.5-0\\MpDefenderCoreService.exe,"""C:\\ProgramData\\Microsoft\\Windows Defender\\Platform\\4.18.26010.5-0\\MpDefenderCoreService.exe""",C:\\ProgramData\\Microsoft\\Windows Defender\\Platform\\4.18.26010.5-0\\MpDefenderCoreService.exe
2,3796,656,svchost.exe,0xba8eed38b080,3,-,0,False,2026-04-08 18:52:18.000000 UTC,N/A,\\Device\\HarddiskVolume2\\Windows\\System32\\svchost.exe,C:\\Windows\\System32\\svchost.exe -k LocalService -p -s LicenseManager,C:\\Windows\\System32\\svchost.exe
2,2264,656,spoolsv.exe,0xba8eeca770c0,7,-,0,False,2026-04-08 18:52:01.000000 UTC,N/A,\\Device\\HarddiskVolume2\\Windows\\System32\\spoolsv.exe,C:\\Windows\\System32\\spoolsv.exe,C:\\Windows\\System32\\spoolsv.exe
2,3800,656,svchost.exe,0xba8eecfdc080,3,-,0,False,2026-04-08 18:54:05.000000 UTC,N/A,\\Device\\HarddiskVolume2\\Windows\\System32\\svchost.exe,C:\\Windows\\System32\\svchost.exe -k LocalSystemNetworkRestricted -p -s TabletInputService,C:\\Windows\\System32\\svchost.exe
3,4360,3800,ctfmon.exe,0xba8eed5d6080,8,-,1,False,2026-04-08 18:54:05.000000 UTC,N/A,\\Device\\HarddiskVolume2\\Windows\\System32\\ctfmon.exe,"""ctfmon.exe""",C:\\Windows\\system32\\ctfmon.exe
2,5352,656,svchost.exe,0xba8eeee19080,2,-,0,False,2026-04-08 18:55:43.000000 UTC,N/A,\\Device\\HarddiskVolume2\\Windows\\System32\\svchost.exe,C:\\Windows\\System32\\svchost.exe -k LocalSystemNetworkRestricted -p -s WdiSystemHost,C:\\Windows\\System32\\svchost.exe
2,3308,656,svchost.exe,0xba8eece9d080,1,-,0,False,2026-04-08 18:52:05.000000 UTC,N/A,\\Device\\HarddiskVolume2\\Windows\\System32\\svchost.exe,C:\\Windows\\system32\\svchost.exe -k LocalSystemNetworkRestricted -p -s NgcSvc,C:\\Windows\\system32\\svchost.exe
2,6904,656,svchost.exe,0xba8eee9d20c0,8,-,0,False,2026-04-08 18:54:31.000000 UTC,N/A,\\Device\\HarddiskVolume2\\Windows\\System32\\svchost.exe,C:\\Windows\\system32\\svchost.exe -k LocalSystemNetworkRestricted -p -s PcaSvc,C:\\Windows\\system32\\svchost.exe
2,6908,656,svchost.exe,0xba8eeefa2340,2,-,0,False,2026-04-08 19:20:03.000000 UTC,N/A,\\Device\\HarddiskVolume2\\Windows\\System32\\svchost.exe,C:\\Windows\\System32\\svchost.exe -k netsvcs -p,C:\\Windows\\System32\\svchost.exe
2,1792,656,svchost.exe,0xba8ee70622c0,2,-,0,False,2026-04-08 18:51:59.000000 UTC,N/A,\\Device\\HarddiskVolume2\\Windows\\System32\\svchost.exe,C:\\Windows\\system32\\svchost.exe -k netsvcs -p -s SENS,C:\\Windows\\system32\\svchost.exe
2,1288,656,svchost.exe,0xba8ee8e1c080,5,-,0,False,2026-04-08 18:51:58.000000 UTC,N/A,\\Device\\HarddiskVolume2\\Windows\\System32\\svchost.exe,C:\\Windows\\system32\\svchost.exe -k LocalServiceNetworkRestricted -p -s Dhcp,C:\\Windows\\system32\\svchost.exe
2,2824,656,svchost.exe,0xba8eecc9e080,1,-,0,False,2026-04-08 18:52:03.000000 UTC,N/A,\\Device\\HarddiskVolume2\\Windows\\System32\\svchost.exe,C:\\Windows\\system32\\svchost.exe -k LocalService -p -s SstpSvc,C:\\Windows\\system32\\svchost.exe
2,2832,656,MsMpEng.exe,0xba8eeccc6140,10,-,0,False,2026-04-08 18:52:03.000000 UTC,N/A,\\Device\\HarddiskVolume2\\ProgramData\\Microsoft\\Windows Defender\\Platform\\4.18.26010.5-0\\MsMpEng.exe,"""C:\\ProgramData\\Microsoft\\Windows Defender\\Platform\\4.18.26010.5-0\\MsMpEng.exe""",C:\\ProgramData\\Microsoft\\Windows Defender\\Platform\\4.18.26010.5-0\\MsMpEng.exe
2,3856,656,SearchIndexer.,0xba8eed17a080,15,-,0,False,2026-04-08 18:52:07.000000 UTC,N/A,\\Device\\HarddiskVolume2\\Windows\\System32\\SearchIndexer.exe,C:\\Windows\\system32\\SearchIndexer.exe /Embedding,C:\\Windows\\system32\\SearchIndexer.exe
2,788,656,svchost.exe,0xba8ee8bd7080,11,-,0,False,2026-04-08 18:51:56.000000 UTC,N/A,\\Device\\HarddiskVolume2\\Windows\\System32\\svchost.exe,C:\\Windows\\system32\\svchost.exe -k DcomLaunch -p,C:\\Windows\\system32\\svchost.exe
3,392,788,SecurityHealth,0xba8eee87f080,1,-,1,False,2026-04-08 18:54:30.000000 UTC,N/A,\\Device\\HarddiskVolume2\\Windows\\System32\\SecurityHealthHost.exe,C:\\Windows\\System32\\SecurityHealthHost.exe {E041C90B-68BA-42C9-991E-477B73A75C90} -Embedding,C:\\Windows\\System32\\SecurityHealthHost.exe
3,6408,788,UserOOBEBroker,0xba8eee02c080,4,-,1,False,2026-04-08 18:55:11.000000 UTC,N/A,\\Device\\HarddiskVolume2\\Windows\\System32\\oobe\\UserOOBEBroker.exe,C:\\Windows\\System32\\oobe\\UserOOBEBroker.exe -Embedding,C:\\Windows\\System32\\oobe\\UserOOBEBroker.exe
3,6436,788,SystemSettings,0xba8eee46b080,19,-,1,False,2026-04-08 18:55:10.000000 UTC,N/A,\\Device\\HarddiskVolume2\\Windows\\ImmersiveControlPanel\\SystemSettings.exe,"""C:\\Windows\\ImmersiveControlPanel\\SystemSettings.exe"" -ServerName:microsoft.windows.immersivecontrolpanel",C:\\Windows\\ImmersiveControlPanel\\SystemSettings.exe
3,4260,788,RuntimeBroker.,0xba8eee1ae0c0,2,-,1,False,2026-04-08 18:55:12.000000 UTC,N/A,\\Device\\HarddiskVolume2\\Windows\\System32\\RuntimeBroker.exe,C:\\Windows\\System32\\RuntimeBroker.exe -Embedding,C:\\Windows\\System32\\RuntimeBroker.exe
4,5844,4260,powershell.exe,0xba8eedd3e240,11,-,1,False,2026-04-08 18:55:14.000000 UTC,N/A,\\Device\\HarddiskVolume2\\Windows\\System32\\WindowsPowerShell\\v1.0\\powershell.exe,"""C:\\Windows\\System32\\WindowsPowerShell\\v1.0\\powershell.exe"" ",C:\\Windows\\System32\\WindowsPowerShell\\v1.0\\powershell.exe
5,7804,5844,powershell.exe,0xba8eecf42300,9,-,1,False,2026-04-09 02:39:16.000000 UTC,N/A,\\Device\\HarddiskVolume2\\Windows\\System32\\WindowsPowerShell\\v1.0\\powershell.exe,"""C:\\Windows\\System32\\WindowsPowerShell\\v1.0\\powershell.exe""",C:\\Windows\\System32\\WindowsPowerShell\\v1.0\\powershell.exe
6,6764,7804,powershell.exe,0xba8eef2020c0,9,-,1,False,2026-04-09 02:39:42.000000 UTC,N/A,\\Device\\HarddiskVolume2\\Windows\\System32\\WindowsPowerShell\\v1.0\\powershell.exe,"""C:\\Windows\\System32\\WindowsPowerShell\\v1.0\\powershell.exe"" ",C:\\Windows\\System32\\WindowsPowerShell\\v1.0\\powershell.exe
7,6544,6764,conhost.exe,0xba8eede47080,3,-,1,False,2026-04-09 02:39:42.000000 UTC,N/A,\\Device\\HarddiskVolume2\\Windows\\System32\\conhost.exe,\\??\\C:\\Windows\\system32\\conhost.exe 0x4,C:\\Windows\\system32\\conhost.exe
5,2068,5844,conhost.exe,0xba8eee21a080,3,-,1,False,2026-04-08 18:55:15.000000 UTC,N/A,\\Device\\HarddiskVolume2\\Windows\\System32\\conhost.exe,\\??\\C:\\Windows\\system32\\conhost.exe 0x4,C:\\Windows\\system32\\conhost.exe
3,9124,788,WmiPrvSE.exe,0xba8ee8f20080,6,-,0,False,2026-04-09 02:46:13.000000 UTC,N/A,\\Device\\HarddiskVolume2\\Windows\\System32\\wbem\\WmiPrvSE.exe,C:\\Windows\\system32\\wbem\\wmiprvse.exe,C:\\Windows\\system32\\wbem\\wmiprvse.exe
3,552,788,SecHealthUI.ex,0xba8eee32c080,21,-,1,False,2026-04-08 18:54:29.000000 UTC,N/A,\\Device\\HarddiskVolume2\\Windows\\SystemApps\\Microsoft.Windows.SecHealthUI_cw5n1h2txyewy\\SecHealthUI.exe,"""C:\\Windows\\SystemApps\\Microsoft.Windows.SecHealthUI_cw5n1h2txyewy\\SecHealthUI.exe"" -ServerName:SecHealthUI.AppXep4x2tbtjws1v9qqs0rmb3hxykvkpqtn.mca",C:\\Windows\\SystemApps\\Microsoft.Windows.SecHealthUI_cw5n1h2txyewy\\SecHealthUI.exe
3,4524,788,RuntimeBroker.,0xba8eedc750c0,1,-,1,False,2026-04-08 18:54:09.000000 UTC,N/A,\\Device\\HarddiskVolume2\\Windows\\System32\\RuntimeBroker.exe,C:\\Windows\\System32\\RuntimeBroker.exe -Embedding,C:\\Windows\\System32\\RuntimeBroker.exe
3,6188,788,SearchApp.exe,0xba8eeda48080,44,-,1,False,2026-04-08 18:54:54.000000 UTC,N/A,\\Device\\HarddiskVolume2\\Windows\\SystemApps\\Microsoft.Windows.Search_cw5n1h2txyewy\\SearchApp.exe,"""C:\\Windows\\SystemApps\\Microsoft.Windows.Search_cw5n1h2txyewy\\SearchApp.exe"" -ServerName:CortanaUI.AppX8z9r6jm96hw4bsbneegw0kyxx296wr9t.mca",C:\\Windows\\SystemApps\\Microsoft.Windows.Search_cw5n1h2txyewy\\SearchApp.exe
3,5172,788,dllhost.exe,0xba8eee330240,5,-,1,False,2026-04-08 18:55:10.000000 UTC,N/A,\\Device\\HarddiskVolume2\\Windows\\System32\\dllhost.exe,C:\\Windows\\system32\\DllHost.exe /Processid:{973D20D7-562D-44B9-B70B-5A0F49CCDF3F},C:\\Windows\\system32\\DllHost.exe
3,2748,788,RuntimeBroker.,0xba8eedd30080,3,-,1,False,2026-04-08 18:55:21.000000 UTC,N/A,\\Device\\HarddiskVolume2\\Windows\\System32\\RuntimeBroker.exe,C:\\Windows\\System32\\RuntimeBroker.exe -Embedding,C:\\Windows\\System32\\RuntimeBroker.exe
3,4540,788,RuntimeBroker.,0xba8eee214080,1,-,1,False,2026-04-08 21:45:32.000000 UTC,N/A,\\Device\\HarddiskVolume2\\Windows\\System32\\RuntimeBroker.exe,C:\\Windows\\System32\\RuntimeBroker.exe -Embedding,C:\\Windows\\System32\\RuntimeBroker.exe
3,7620,788,dllhost.exe,0xba8eee467080,4,-,1,False,2026-04-08 18:54:17.000000 UTC,N/A,\\Device\\HarddiskVolume2\\Windows\\System32\\dllhost.exe,C:\\Windows\\system32\\DllHost.exe /Processid:{D4872B74-3AFC-47CD-B8A2-9E4F998539BC},C:\\Windows\\system32\\DllHost.exe
3,4676,788,StartMenuExper,0xba8eedb58080,6,-,1,False,2026-04-08 18:54:09.000000 UTC,N/A,\\Device\\HarddiskVolume2\\Windows\\SystemApps\\Microsoft.Windows.StartMenuExperienceHost_cw5n1h2txyewy\\StartMenuExperienceHost.exe,"""C:\\Windows\\SystemApps\\Microsoft.Windows.StartMenuExperienceHost_cw5n1h2txyewy\\StartMenuExperienceHost.exe"" -ServerName:App.AppXywbrabmsek0gm3tkwpr5kwzbs55tkqay.mca",C:\\Windows\\SystemApps\\Microsoft.Windows.StartMenuExperienceHost_cw5n1h2txyewy\\StartMenuExperienceHost.exe
3,4168,788,ApplicationFra,0xba8eee7ec240,5,-,1,False,2026-04-08 18:54:29.000000 UTC,N/A,\\Device\\HarddiskVolume2\\Windows\\System32\\ApplicationFrameHost.exe,C:\\Windows\\system32\\ApplicationFrameHost.exe -Embedding,C:\\Windows\\system32\\ApplicationFrameHost.exe
3,3680,788,TextInputHost.,0xba8eed19b080,8,-,1,False,2026-04-08 18:55:10.000000 UTC,N/A,\\Device\\HarddiskVolume2\\Windows\\SystemApps\\MicrosoftWindows.Client.CBS_cw5n1h2txyewy\\TextInputHost.exe,"""C:\\Windows\\SystemApps\\MicrosoftWindows.Client.CBS_cw5n1h2txyewy\\TextInputHost.exe"" -ServerName:InputApp.AppXk0k6mrh4r2q0ct33a9wgbez0x7v9cz5y.mca",C:\\Windows\\SystemApps\\MicrosoftWindows.Client.CBS_cw5n1h2txyewy\\TextInputHost.exe
3,5476,788,RuntimeBroker.,0xba8eede48280,8,-,1,False,2026-04-08 18:54:10.000000 UTC,N/A,\\Device\\HarddiskVolume2\\Windows\\System32\\RuntimeBroker.exe,C:\\Windows\\System32\\RuntimeBroker.exe -Embedding,C:\\Windows\\System32\\RuntimeBroker.exe
3,6116,788,SearchApp.exe,0xba8eeece0080,15,-,1,False,2026-04-08 19:00:45.000000 UTC,N/A,\\Device\\HarddiskVolume2\\Windows\\SystemApps\\Microsoft.Windows.Search_cw5n1h2txyewy\\SearchApp.exe,"""C:\\Windows\\SystemApps\\Microsoft.Windows.Search_cw5n1h2txyewy\\SearchApp.exe"" -ServerName:ShellFeedsUI.AppX88fpyyrd21w8wqe62wzsjh5agex7tf1e.mca",C:\\Windows\\SystemApps\\Microsoft.Windows.Search_cw5n1h2txyewy\\SearchApp.exe
4,7520,6116,msedgewebview2,0xba8eedf78080,57,-,1,False,2026-04-08 19:00:45.000000 UTC,N/A,\\Device\\HarddiskVolume2\\Program Files (x86)\\Microsoft\\EdgeWebView\\Application\\146.0.3856.109\\msedgewebview2.exe,"""C:\\Program Files (x86)\\Microsoft\\EdgeWebView\\Application\\146.0.3856.109\\msedgewebview2.exe"" --embedded-browser-webview=1 --webview-exe-name=SearchApp.exe --webview-exe-version=10.0.19041.6282 --user-data-dir=""C:\\Users\\lucif\\AppData\\Local\\Packages\\Microsoft.Windows.Search_cw5n1h2txyewy\\LocalState\\EBWebView"" --noerrdialogs --enable-features=msEmbeddedBrowserVisualHosting --lang=en-US --mojo-named-platform-channel-pipe=6116.312.9103963686089028949",C:\\Program Files (x86)\\Microsoft\\EdgeWebView\\Application\\146.0.3856.109\\msedgewebview2.exe
5,7776,7520,msedgewebview2,0xba8eedf4d0c0,17,-,1,False,2026-04-08 19:00:47.000000 UTC,N/A,\\Device\\HarddiskVolume2\\Program Files (x86)\\Microsoft\\EdgeWebView\\Application\\146.0.3856.109\\msedgewebview2.exe,"""C:\\Program Files (x86)\\Microsoft\\EdgeWebView\\Application\\146.0.3856.109\\msedgewebview2.exe"" --type=renderer --noerrdialogs --user-data-dir=""C:\\Users\\lucif\\AppData\\Local\\Packages\\Microsoft.Windows.Search_cw5n1h2txyewy\\LocalState\\EBWebView"" --webview-exe-name=SearchApp.exe --webview-exe-version=10.0.19041.6282 --embedded-browser-webview=1 --disable-gpu-compositing --video-capture-use-gpu-memory-buffer --lang=en-US --device-scale-factor=1 --num-raster-threads=1 --renderer-client-id=6 --js-flags=""--expose-gc --ms-user-locale=en_GB"" --time-ticks-at-unix-epoch=-1775674273503634 --launch-time-ticks=574306387 --skip-read-main-dll --metrics-shmem-handle=4360,i,16294647291594906148,17766519465714672263,2097152 --field-trial-handle=2052,i,776904284312494553,5015300078542820363,262144 --enable-features=msEmbeddedBrowserVisualHosting --variations-seed-version --pseudonymization-salt-handle=2060,i,5651512563867202050,8911634348978298333,4 --trace-process-track-uuid=3190708991934122588 --mojo-platform-channel-handle=4400 /prefetch:1",C:\\Program Files (x86)\\Microsoft\\EdgeWebView\\Application\\146.0.3856.109\\msedgewebview2.exe
5,7660,7520,msedgewebview2,0xba8eeeccd340,10,-,1,False,2026-04-08 19:00:45.000000 UTC,N/A,\\Device\\HarddiskVolume2\\Program Files (x86)\\Microsoft\\EdgeWebView\\Application\\146.0.3856.109\\msedgewebview2.exe,"""C:\\Program Files (x86)\\Microsoft\\EdgeWebView\\Application\\146.0.3856.109\\msedgewebview2.exe"" --type=crashpad-handler --user-data-dir=C:\\Users\\lucif\\AppData\\Local\\Packages\\Microsoft.Windows.Search_cw5n1h2txyewy\\LocalState\\EBWebView /prefetch:4 --monitor-self-annotation=ptype=crashpad-handler --database=C:\\Users\\lucif\\AppData\\Local\\Packages\\Microsoft.Windows.Search_cw5n1h2txyewy\\LocalState\\EBWebView\\Crashpad --metrics-dir=C:\\Users\\lucif\\AppData\\Local\\Packages\\Microsoft.Windows.Search_cw5n1h2txyewy\\LocalState\\EBWebView --annotation=IsOfficialBuild=1 --annotation=channel= --annotation=chromium-version=146.0.7680.179 ""--annotation=exe=C:\\Program Files (x86)\\Microsoft\\EdgeWebView\\Application\\146.0.3856.109\\msedgewebview2.exe"" --annotation=plat=Win64 ""--annotation=prod=Edge WebView2"" --annotation=ver=146.0.3856.109 --initial-client-data=0x17c,0x180,0x184,0x158,0xf0,0x7ff8474b34d8,0x7ff8474b34e4,0x7ff8474b34f0",C:\\Program Files (x86)\\Microsoft\\EdgeWebView\\Application\\146.0.3856.109\\msedgewebview2.exe
5,8048,7520,msedgewebview2,0xba8eeecda080,21,-,1,False,2026-04-08 19:00:46.000000 UTC,N/A,\\Device\\HarddiskVolume2\\Program Files (x86)\\Microsoft\\EdgeWebView\\Application\\146.0.3856.109\\msedgewebview2.exe,"""C:\\Program Files (x86)\\Microsoft\\EdgeWebView\\Application\\146.0.3856.109\\msedgewebview2.exe"" --type=utility --utility-sub-type=network.mojom.NetworkService --lang=en-US --service-sandbox-type=none --noerrdialogs --user-data-dir=""C:\\Users\\lucif\\AppData\\Local\\Packages\\Microsoft.Windows.Search_cw5n1h2txyewy\\LocalState\\EBWebView"" --webview-exe-name=SearchApp.exe --webview-exe-version=10.0.19041.6282 --embedded-browser-webview=1 --startup-read-main-dll --metrics-shmem-handle=1964,i,9944548317724255672,8788382356720881450,524288 --field-trial-handle=2052,i,776904284312494553,5015300078542820363,262144 --enable-features=msEmbeddedBrowserVisualHosting --variations-seed-version --pseudonymization-salt-handle=2060,i,5651512563867202050,8911634348978298333,4 --trace-process-track-uuid=3190708989122997041 --mojo-platform-channel-handle=2320 /prefetch:3",C:\\Program Files (x86)\\Microsoft\\EdgeWebView\\Application\\146.0.3856.109\\msedgewebview2.exe
5,5392,7520,msedgewebview2,0xba8eee5ed340,10,-,1,False,2026-04-08 19:00:47.000000 UTC,N/A,\\Device\\HarddiskVolume2\\Program Files (x86)\\Microsoft\\EdgeWebView\\Application\\146.0.3856.109\\msedgewebview2.exe,"""C:\\Program Files (x86)\\Microsoft\\EdgeWebView\\Application\\146.0.3856.109\\msedgewebview2.exe"" --type=utility --utility-sub-type=storage.mojom.StorageService --lang=en-US --service-sandbox-type=service --noerrdialogs --user-data-dir=""C:\\Users\\lucif\\AppData\\Local\\Packages\\Microsoft.Windows.Search_cw5n1h2txyewy\\LocalState\\EBWebView"" --webview-exe-name=SearchApp.exe --webview-exe-version=10.0.19041.6282 --embedded-browser-webview=1 --startup-read-main-dll --metrics-shmem-handle=2344,i,6321479811960272425,12339087018622378286,524288 --field-trial-handle=2052,i,776904284312494553,5015300078542820363,262144 --enable-features=msEmbeddedBrowserVisualHosting --variations-seed-version --pseudonymization-salt-handle=2060,i,5651512563867202050,8911634348978298333,4 --trace-process-track-uuid=3190708990060038890 --mojo-platform-channel-handle=3104 /prefetch:8",C:\\Program Files (x86)\\Microsoft\\EdgeWebView\\Application\\146.0.3856.109\\msedgewebview2.exe
5,4176,7520,msedgewebview2,0xba8eed6cd340,17,-,1,False,2026-04-08 19:00:46.000000 UTC,N/A,\\Device\\HarddiskVolume2\\Program Files (x86)\\Microsoft\\EdgeWebView\\Application\\146.0.3856.109\\msedgewebview2.exe,"""C:\\Program Files (x86)\\Microsoft\\EdgeWebView\\Application\\146.0.3856.109\\msedgewebview2.exe"" --type=gpu-process --noerrdialogs --user-data-dir=""C:\\Users\\lucif\\AppData\\Local\\Packages\\Microsoft.Windows.Search_cw5n1h2txyewy\\LocalState\\EBWebView"" --webview-exe-name=SearchApp.exe --webview-exe-version=10.0.19041.6282 --embedded-browser-webview=1 --gpu-preferences=SAAAAAAAAADgAAAEAAAAAAAAAAAAAGAAAQAAAAAAAAAAAAAAAAAAAAIAAAAAAAAAAAAAAAAAAAAQAAAAAAAAABAAAAAAAAAACAAAAAAAAAAIAAAAAAAAAA== --startup-read-main-dll --metrics-shmem-handle=1816,i,13022985460226062536,13446876392823384809,262144 --field-trial-handle=2052,i,776904284312494553,5015300078542820363,262144 --enable-features=msEmbeddedBrowserVisualHosting --variations-seed-version --pseudonymization-salt-handle=2060,i,5651512563867202050,8911634348978298333,4 --trace-process-track-uuid=3190708988185955192 --mojo-platform-channel-handle=2040 /prefetch:2",C:\\Program Files (x86)\\Microsoft\\EdgeWebView\\Application\\146.0.3856.109\\msedgewebview2.exe
3,6892,788,SystemSettings,0xba8eed65c080,1,-,1,False,2026-04-08 18:54:25.000000 UTC,N/A,\\Device\\HarddiskVolume2\\Windows\\System32\\SystemSettingsBroker.exe,C:\\Windows\\System32\\SystemSettingsBroker.exe -Embedding,C:\\Windows\\System32\\SystemSettingsBroker.exe
3,3572,788,dllhost.exe,0xba8eecfdf0c0,4,-,0,False,2026-04-08 18:52:06.000000 UTC,N/A,\\Device\\HarddiskVolume2\\Windows\\System32\\dllhost.exe,C:\\Windows\\system32\\DllHost.exe /Processid:{3EB3C877-1F16-487C-9050-104DBCD66683},C:\\Windows\\system32\\DllHost.exe
3,7156,788,ShellExperienc,0xba8eed784080,13,-,1,False,2026-04-08 18:54:24.000000 UTC,N/A,\\Device\\HarddiskVolume2\\Windows\\SystemApps\\ShellExperienceHost_cw5n1h2txyewy\\ShellExperienceHost.exe,"""C:\\Windows\\SystemApps\\ShellExperienceHost_cw5n1h2txyewy\\ShellExperienceHost.exe"" -ServerName:App.AppXtk181tbxbce2qsex02s8tw7hfxa9xb3t.mca",C:\\Windows\\SystemApps\\ShellExperienceHost_cw5n1h2txyewy\\ShellExperienceHost.exe
3,7036,788,RuntimeBroker.,0xba8eeda49340,5,-,1,False,2026-04-08 18:54:25.000000 UTC,N/A,\\Device\\HarddiskVolume2\\Windows\\System32\\RuntimeBroker.exe,C:\\Windows\\System32\\RuntimeBroker.exe -Embedding,C:\\Windows\\System32\\RuntimeBroker.exe
2,1820,656,svchost.exe,0xba8eec85d080,5,-,0,False,2026-04-08 18:52:00.000000 UTC,N/A,\\Device\\HarddiskVolume2\\Windows\\System32\\svchost.exe,C:\\Windows\\system32\\svchost.exe -k appmodel -p -s StateRepository,C:\\Windows\\system32\\svchost.exe
2,2844,656,svchost.exe,0xba8eeccc7080,3,-,0,False,2026-04-08 18:52:03.000000 UTC,N/A,\\Device\\HarddiskVolume2\\Windows\\System32\\svchost.exe,C:\\Windows\\System32\\svchost.exe -k LocalSystemNetworkRestricted -p -s TrkWks,C:\\Windows\\System32\\svchost.exe
2,6940,656,svchost.exe,0xba8eee168080,3,-,1,False,2026-04-08 18:54:13.000000 UTC,N/A,\\Device\\HarddiskVolume2\\Windows\\System32\\svchost.exe,C:\\Windows\\system32\\svchost.exe -k UnistackSvcGroup,C:\\Windows\\system32\\svchost.exe
2,1824,656,svchost.exe,0xba8ee75a2080,2,-,0,False,2026-04-08 18:51:59.000000 UTC,N/A,\\Device\\HarddiskVolume2\\Windows\\System32\\svchost.exe,C:\\Windows\\System32\\svchost.exe -k LocalSystemNetworkRestricted -p -s AudioEndpointBuilder,C:\\Windows\\System32\\svchost.exe
2,2336,656,svchost.exe,0xba8eeca43080,10,-,0,False,2026-04-08 18:52:01.000000 UTC,N/A,\\Device\\HarddiskVolume2\\Windows\\System32\\svchost.exe,C:\\Windows\\system32\\svchost.exe -k LocalServiceNoNetworkFirewall -p,C:\\Windows\\system32\\svchost.exe
2,7460,656,svchost.exe,0xba8eee468080,1,-,0,False,2026-04-08 18:54:17.000000 UTC,N/A,\\Device\\HarddiskVolume2\\Windows\\System32\\svchost.exe,C:\\Windows\\system32\\svchost.exe -k wusvcs -p -s WaaSMedicSvc,C:\\Windows\\system32\\svchost.exe
2,1836,656,svchost.exe,0xba8eec8700c0,4,-,0,False,2026-04-08 18:51:59.000000 UTC,N/A,\\Device\\HarddiskVolume2\\Windows\\System32\\svchost.exe,C:\\Windows\\system32\\svchost.exe -k LocalService -p -s FontCache,C:\\Windows\\system32\\svchost.exe
2,2860,656,svchost.exe,0xba8eeccdf080,2,-,0,False,2026-04-08 18:52:03.000000 UTC,N/A,\\Device\\HarddiskVolume2\\Windows\\System32\\svchost.exe,C:\\Windows\\system32\\svchost.exe -k netsvcs -p -s WpnService,C:\\Windows\\system32\\svchost.exe
2,3376,656,svchost.exe,0xba8eeccd9300,6,-,0,False,2026-04-09 01:03:59.000000 UTC,N/A,\\Device\\HarddiskVolume2\\Windows\\System32\\svchost.exe,C:\\Windows\\system32\\svchost.exe -k LocalServiceNetworkRestricted -p -s WinHttpAutoProxySvc,C:\\Windows\\system32\\svchost.exe
2,1868,656,svchost.exe,0xba8ee7065080,1,-,0,False,2026-04-08 18:51:59.000000 UTC,N/A,\\Device\\HarddiskVolume2\\Windows\\System32\\svchost.exe,C:\\Windows\\system32\\svchost.exe -k LocalSystemNetworkRestricted -p -s DevQueryBroker,C:\\Windows\\system32\\svchost.exe
2,2388,656,svchost.exe,0xba8eecaa9080,3,-,0,False,2026-04-08 18:52:01.000000 UTC,N/A,\\Device\\HarddiskVolume2\\Windows\\System32\\svchost.exe,C:\\Windows\\System32\\svchost.exe -k NetworkService -p -s LanmanWorkstation,C:\\Windows\\System32\\svchost.exe
2,2916,656,svchost.exe,0xba8eeda6b080,11,-,1,False,2026-04-08 18:54:07.000000 UTC,N/A,\\Device\\HarddiskVolume2\\Windows\\System32\\svchost.exe,C:\\Windows\\system32\\svchost.exe -k ClipboardSvcGroup -p -s cbdhsvc,C:\\Windows\\system32\\svchost.exe
2,6516,656,SgrmBroker.exe,0xba8eee0a2080,6,-,0,False,2026-04-08 18:54:12.000000 UTC,N/A,\\Device\\HarddiskVolume2\\Windows\\System32\\SgrmBroker.exe,C:\\Windows\\system32\\SgrmBroker.exe,C:\\Windows\\system32\\SgrmBroker.exe
2,904,656,svchost.exe,0xba8ee8bf8240,10,-,0,False,2026-04-08 18:51:57.000000 UTC,N/A,\\Device\\HarddiskVolume2\\Windows\\System32\\svchost.exe,C:\\Windows\\system32\\svchost.exe -k RPCSS -p,C:\\Windows\\system32\\svchost.exe
2,5012,656,svchost.exe,0xba8eeca230c0,1,-,0,False,2026-04-08 18:54:05.000000 UTC,N/A,\\Device\\HarddiskVolume2\\Windows\\System32\\svchost.exe,C:\\Windows\\system32\\svchost.exe -k netsvcs -p -s Appinfo,C:\\Windows\\system32\\svchost.exe
2,6036,656,svchost.exe,0xba8eee9670c0,3,-,0,False,2026-04-08 18:54:30.000000 UTC,N/A,\\Device\\HarddiskVolume2\\Windows\\System32\\svchost.exe,C:\\Windows\\system32\\svchost.exe -k WbioSvcGroup -s WbioSrvc,C:\\Windows\\system32\\svchost.exe
2,2976,656,svchost.exe,0xba8eecd5a080,5,-,0,False,2026-04-08 18:52:03.000000 UTC,N/A,\\Device\\HarddiskVolume2\\Windows\\System32\\svchost.exe,C:\\Windows\\System32\\svchost.exe -k NetSvcs -p -s iphlpsvc,C:\\Windows\\System32\\svchost.exe
2,1456,656,svchost.exe,0xba8ee8f0d080,1,-,0,False,2026-04-08 18:51:58.000000 UTC,N/A,\\Device\\HarddiskVolume2\\Windows\\System32\\svchost.exe,C:\\Windows\\system32\\svchost.exe -k LocalService -p -s DispBrokerDesktopSvc,C:\\Windows\\system32\\svchost.exe
2,1976,656,svchost.exe,0xba8ee7063080,8,-,0,False,2026-04-08 18:52:00.000000 UTC,N/A,\\Device\\HarddiskVolume2\\Windows\\System32\\svchost.exe,C:\\Windows\\System32\\svchost.exe -k LocalServiceNetworkRestricted -p,C:\\Windows\\System32\\svchost.exe
2,2492,656,svchost.exe,0xba8eecb79080,6,-,0,False,2026-04-08 18:52:02.000000 UTC,N/A,\\Device\\HarddiskVolume2\\Windows\\System32\\svchost.exe,C:\\Windows\\system32\\svchost.exe -k netsvcs -p -s LanmanServer,C:\\Windows\\system32\\svchost.exe
2,960,656,svchost.exe,0xba8ee8c960c0,4,-,0,False,2026-04-08 18:51:57.000000 UTC,N/A,\\Device\\HarddiskVolume2\\Windows\\System32\\svchost.exe,C:\\Windows\\system32\\svchost.exe -k DcomLaunch -p -s LSM,C:\\Windows\\system32\\svchost.exe
2,3008,656,svchost.exe,0xba8eecd5b080,2,-,0,False,2026-04-08 18:52:04.000000 UTC,N/A,\\Device\\HarddiskVolume2\\Windows\\System32\\svchost.exe,C:\\Windows\\System32\\svchost.exe -k LocalService -p -s WdiServiceHost,C:\\Windows\\System32\\svchost.exe
2,3540,656,svchost.exe,0xba8eecf61080,2,-,0,False,2026-04-08 18:52:06.000000 UTC,N/A,\\Device\\HarddiskVolume2\\Windows\\System32\\svchost.exe,C:\\Windows\\system32\\svchost.exe -k LocalServiceNetworkRestricted -p -s NgcCtnrSvc,C:\\Windows\\system32\\svchost.exe
2,4056,656,svchost.exe,0xba8eed70f080,5,-,0,False,2026-04-08 18:54:06.000000 UTC,N/A,\\Device\\HarddiskVolume2\\Windows\\System32\\svchost.exe,C:\\Windows\\system32\\svchost.exe -k LocalService -p -s CDPSvc,C:\\Windows\\system32\\svchost.exe
2,2524,656,svchost.exe,0xba8eecb7f080,3,-,0,False,2026-04-08 18:52:02.000000 UTC,N/A,\\Device\\HarddiskVolume2\\Windows\\System32\\svchost.exe,C:\\Windows\\system32\\svchost.exe -k NetworkServiceNetworkRestricted -p -s PolicyAgent,C:\\Windows\\system32\\svchost.exe
2,6620,656,svchost.exe,0xba8eee0ec0c0,6,-,0,False,2026-04-08 18:54:12.000000 UTC,N/A,\\Device\\HarddiskVolume2\\Windows\\System32\\svchost.exe,C:\\Windows\\system32\\svchost.exe -k netsvcs -p -s UsoSvc,C:\\Windows\\system32\\svchost.exe
2,4060,656,svchost.exe,0xba8eee1bd080,1,-,0,False,2026-04-08 18:54:15.000000 UTC,N/A,\\Device\\HarddiskVolume2\\Windows\\System32\\svchost.exe,C:\\Windows\\system32\\svchost.exe -k appmodel -p -s camsvc,C:\\Windows\\system32\\svchost.exe
2,1504,656,svchost.exe,0xba8ee8fa7080,5,-,0,False,2026-04-08 18:51:59.000000 UTC,N/A,\\Device\\HarddiskVolume2\\Windows\\System32\\svchost.exe,C:\\Windows\\System32\\svchost.exe -k NetworkService -p -s NlaSvc,C:\\Windows\\System32\\svchost.exe
2,3552,656,svchost.exe,0xba8eee883080,2,-,0,False,2026-04-08 18:54:30.000000 UTC,N/A,\\Device\\HarddiskVolume2\\Windows\\System32\\svchost.exe,C:\\Windows\\system32\\svchost.exe -k LocalService -p -s BthAvctpSvc,C:\\Windows\\system32\\svchost.exe
2,2532,656,svchost.exe,0xba8eecb82080,4,-,0,False,2026-04-08 18:52:02.000000 UTC,N/A,\\Device\\HarddiskVolume2\\Windows\\System32\\svchost.exe,C:\\Windows\\system32\\svchost.exe -k netsvcs -p -s IKEEXT,C:\\Windows\\system32\\svchost.exe
2,2040,656,svchost.exe,0xba8eec9ce080,11,-,0,False,2026-04-08 18:52:00.000000 UTC,N/A,\\Device\\HarddiskVolume2\\Windows\\System32\\svchost.exe,C:\\Windows\\system32\\svchost.exe -k NetworkService -p -s Dnscache,C:\\Windows\\system32\\svchost.exe
1,668,536,lsass.exe,0xba8ee8a2b1c0,8,-,0,False,2026-04-08 18:51:56.000000 UTC,N/A,\\Device\\HarddiskVolume2\\Windows\\System32\\lsass.exe,C:\\Windows\\system32\\lsass.exe,C:\\Windows\\system32\\lsass.exe
1,820,536,fontdrvhost.ex,0xba8ee8bde280,5,-,0,False,2026-04-08 18:51:56.000000 UTC,N/A,\\Device\\HarddiskVolume2\\Windows\\System32\\fontdrvhost.exe,"""fontdrvhost.exe""",C:\\Windows\\system32\\fontdrvhost.exe
0,592,516,winlogon.exe,0xba8ee8b4c080,5,-,1,False,2026-04-08 18:51:56.000000 UTC,N/A,\\Device\\HarddiskVolume2\\Windows\\System32\\winlogon.exe,winlogon.exe,C:\\Windows\\system32\\winlogon.exe
1,376,592,dwm.exe,0xba8ee8d4e140,16,-,1,False,2026-04-08 18:51:58.000000 UTC,N/A,\\Device\\HarddiskVolume2\\Windows\\System32\\dwm.exe,"""dwm.exe""",C:\\Windows\\system32\\dwm.exe
1,812,592,fontdrvhost.ex,0xba8ee8bdc280,5,-,1,False,2026-04-08 18:51:56.000000 UTC,N/A,\\Device\\HarddiskVolume2\\Windows\\System32\\fontdrvhost.exe,"""fontdrvhost.exe""",C:\\Windows\\system32\\fontdrvhost.exe
1,4116,592,userinit.exe,0xba8eed6ef080,0,-,1,False,2026-04-08 18:54:06.000000 UTC,2026-04-08 18:54:29.000000 UTC,\\Device\\HarddiskVolume2\\Windows\\System32\\userinit.exe,-,-
2,1696,4116,explorer.exe,0xba8eed70a080,51,-,1,False,2026-04-08 18:54:06.000000 UTC,N/A,\\Device\\HarddiskVolume2\\Windows\\explorer.exe,C:\\Windows\\Explorer.EXE,C:\\Windows\\Explorer.EXE
3,5584,1696,SecurityHealth,0xba8eeda07080,1,-,1,False,2026-04-08 18:54:27.000000 UTC,N/A,\\Device\\HarddiskVolume2\\Windows\\System32\\SecurityHealthSystray.exe,"""C:\\Windows\\System32\\SecurityHealthSystray.exe"" ",C:\\Windows\\System32\\SecurityHealthSystray.exe
3,5300,1696,VBoxTray.exe,0xba8eed5ca080,11,-,1,False,2026-04-08 18:54:27.000000 UTC,N/A,\\Device\\HarddiskVolume2\\Windows\\System32\\VBoxTray.exe,"""C:\\Windows\\System32\\VBoxTray.exe"" ",C:\\Windows\\System32\\VBoxTray.exe
3,5520,1696,OneDrive.exe,0xba8eedce4080,15,-,1,True,2026-04-08 18:54:27.000000 UTC,N/A,\\Device\\HarddiskVolume2\\Program Files (x86)\\Microsoft OneDrive\\OneDrive.exe,"""C:\\Program Files (x86)\\Microsoft OneDrive\\OneDrive.exe"" /background",C:\\Program Files (x86)\\Microsoft OneDrive\\OneDrive.exe
3,1316,1696,powershell.exe,0xba8eeea05080,13,-,1,False,2026-04-09 02:18:41.000000 UTC,N/A,\\Device\\HarddiskVolume2\\Windows\\System32\\WindowsPowerShell\\v1.0\\powershell.exe,"""C:\\Windows\\System32\\WindowsPowerShell\\v1.0\\powershell.exe"" ",C:\\Windows\\System32\\WindowsPowerShell\\v1.0\\powershell.exe
4,4024,1316,conhost.exe,0xba8eee8d8080,4,-,1,False,2026-04-09 02:18:41.000000 UTC,N/A,\\Device\\HarddiskVolume2\\Windows\\System32\\conhost.exe,\\??\\C:\\Windows\\system32\\conhost.exe 0x4,C:\\Windows\\system32\\conhost.exe
4,5136,1316,powershell.exe,0xba8eeec892c0,15,-,1,False,2026-04-09 02:46:42.000000 UTC,N/A,\\Device\\HarddiskVolume2\\temp\\pshijack\\powershell.exe,"""C:\\Temp\\pshijack\\powershell.exe""",C:\\Temp\\pshijack\\powershell.exe
0,4812,3408,M365Copilot.ex,0xba8eed3ac080,31,-,1,False,2026-04-08 21:45:31.000000 UTC,N/A,\\Device\\HarddiskVolume2\\Program Files\\WindowsApps\\Microsoft.MicrosoftOfficeHub_19.2603.36011.0_x64__8wekyb3d8bbwe\\M365Copilot.exe,"""C:\\Program Files\\WindowsApps\\Microsoft.MicrosoftOfficeHub_19.2603.36011.0_x64__8wekyb3d8bbwe\\M365Copilot.exe"" ms-getoffice: autostart reason=AutoStarter AutoStartInactivityDelay=10302",C:\\Program Files\\WindowsApps\\Microsoft.MicrosoftOfficeHub_19.2603.36011.0_x64__8wekyb3d8bbwe\\M365Copilot.exe
1,600,4812,msedgewebview2,0xba8eeda44080,48,-,1,False,2026-04-08 21:45:33.000000 UTC,N/A,\\Device\\HarddiskVolume2\\Program Files (x86)\\Microsoft\\EdgeWebView\\Application\\146.0.3856.109\\msedgewebview2.exe,"""C:\\Program Files (x86)\\Microsoft\\EdgeWebView\\Application\\146.0.3856.109\\msedgewebview2.exe"" --embedded-browser-webview=1 --webview-exe-name=M365Copilot.exe --webview-exe-version=19.2603.36011.0 --user-data-dir=""C:\\Users\\lucif\\AppData\\Local\\Packages\\Microsoft.MicrosoftOfficeHub_8wekyb3d8bbwe\\LocalState\\EBWebView"" --noerrdialogs --embedded-browser-webview-dpi-awareness=2 --disable-features=msEnhancedTrackingPreventionEnabled --enable-features=msSingleSignOnOSForPrimaryAccountIsShared --mojo-named-platform-channel-pipe=4812.8004.14522645855232923790",C:\\Program Files (x86)\\Microsoft\\EdgeWebView\\Application\\146.0.3856.109\\msedgewebview2.exe
2,4708,600,msedgewebview2,0xba8eee222080,13,-,1,False,2026-04-08 21:45:34.000000 UTC,N/A,\\Device\\HarddiskVolume2\\Program Files (x86)\\Microsoft\\EdgeWebView\\Application\\146.0.3856.109\\msedgewebview2.exe,"""C:\\Program Files (x86)\\Microsoft\\EdgeWebView\\Application\\146.0.3856.109\\msedgewebview2.exe"" --type=gpu-process --noerrdialogs --user-data-dir=""C:\\Users\\lucif\\AppData\\Local\\Packages\\Microsoft.MicrosoftOfficeHub_8wekyb3d8bbwe\\LocalState\\EBWebView"" --webview-exe-name=M365Copilot.exe --webview-exe-version=19.2603.36011.0 --embedded-browser-webview=1 --embedded-browser-webview-dpi-awareness=2 --gpu-preferences=SAAAAAAAAADgAAAEAAAAAAAAAAAAAGAAAQAAAAAAAAAAAAAAAAAAAAIAAAAAAAAAAAAAAAAAAAAQAAAAAAAAABAAAAAAAAAACAAAAAAAAAAIAAAAAAAAAA== --startup-read-main-dll --metrics-shmem-handle=1696,i,7767658424570894228,13774254944985618350,262144 --field-trial-handle=1936,i,6785432178776410636,3332333081300311595,262144 --enable-features=msSingleSignOnOSForPrimaryAccountIsShared --disable-features=msEnhancedTrackingPreventionEnabled --variations-seed-version --pseudonymization-salt-handle=1940,i,4900413731238083123,5133283034875532249,4 --trace-process-track-uuid=3190708988185955192 --mojo-platform-channel-handle=1932 /prefetch:2",C:\\Program Files (x86)\\Microsoft\\EdgeWebView\\Application\\146.0.3856.109\\msedgewebview2.exe
2,4836,600,msedgewebview2,0xba8eeedf2080,7,-,1,False,2026-04-08 21:45:33.000000 UTC,N/A,\\Device\\HarddiskVolume2\\Program Files (x86)\\Microsoft\\EdgeWebView\\Application\\146.0.3856.109\\msedgewebview2.exe,"""C:\\Program Files (x86)\\Microsoft\\EdgeWebView\\Application\\146.0.3856.109\\msedgewebview2.exe"" --type=crashpad-handler --user-data-dir=C:\\Users\\lucif\\AppData\\Local\\Packages\\Microsoft.MicrosoftOfficeHub_8wekyb3d8bbwe\\LocalState\\EBWebView /prefetch:4 --monitor-self-annotation=ptype=crashpad-handler --database=C:\\Users\\lucif\\AppData\\Local\\Packages\\Microsoft.MicrosoftOfficeHub_8wekyb3d8bbwe\\LocalState\\EBWebView\\Crashpad --metrics-dir=C:\\Users\\lucif\\AppData\\Local\\Packages\\Microsoft.MicrosoftOfficeHub_8wekyb3d8bbwe\\LocalState\\EBWebView --annotation=IsOfficialBuild=1 --annotation=channel= --annotation=chromium-version=146.0.7680.179 ""--annotation=exe=C:\\Program Files (x86)\\Microsoft\\EdgeWebView\\Application\\146.0.3856.109\\msedgewebview2.exe"" --annotation=plat=Win64 ""--annotation=prod=Edge WebView2"" --annotation=ver=146.0.3856.109 --initial-client-data=0x178,0x17c,0x180,0x154,0x188,0x7ff8474b34d8,0x7ff8474b34e4,0x7ff8474b34f0",C:\\Program Files (x86)\\Microsoft\\EdgeWebView\\Application\\146.0.3856.109\\msedgewebview2.exe
2,4196,600,msedgewebview2,0xba8eee973080,17,-,1,False,2026-04-08 21:45:34.000000 UTC,N/A,\\Device\\HarddiskVolume2\\Program Files (x86)\\Microsoft\\EdgeWebView\\Application\\146.0.3856.109\\msedgewebview2.exe,"""C:\\Program Files (x86)\\Microsoft\\EdgeWebView\\Application\\146.0.3856.109\\msedgewebview2.exe"" --type=utility --utility-sub-type=network.mojom.NetworkService --lang=en-US --service-sandbox-type=none --noerrdialogs --user-data-dir=""C:\\Users\\lucif\\AppData\\Local\\Packages\\Microsoft.MicrosoftOfficeHub_8wekyb3d8bbwe\\LocalState\\EBWebView"" --webview-exe-name=M365Copilot.exe --webview-exe-version=19.2603.36011.0 --embedded-browser-webview=1 --embedded-browser-webview-dpi-awareness=2 --startup-read-main-dll --metrics-shmem-handle=1844,i,9318859727799564996,18159969986686074999,524288 --field-trial-handle=1936,i,6785432178776410636,3332333081300311595,262144 --enable-features=msSingleSignOnOSForPrimaryAccountIsShared --disable-features=msEnhancedTrackingPreventionEnabled --variations-seed-version --pseudonymization-salt-handle=1940,i,4900413731238083123,5133283034875532249,4 --trace-process-track-uuid=3190708989122997041 --mojo-platform-channel-handle=1852 /prefetch:3",C:\\Program Files (x86)\\Microsoft\\EdgeWebView\\Application\\146.0.3856.109\\msedgewebview2.exe
2,1528,600,msedgewebview2,0xba8eee3d72c0,9,-,1,False,2026-04-08 21:45:35.000000 UTC,N/A,\\Device\\HarddiskVolume2\\Program Files (x86)\\Microsoft\\EdgeWebView\\Application\\146.0.3856.109\\msedgewebview2.exe,"""C:\\Program Files (x86)\\Microsoft\\EdgeWebView\\Application\\146.0.3856.109\\msedgewebview2.exe"" --type=utility --utility-sub-type=storage.mojom.StorageService --lang=en-US --service-sandbox-type=service --noerrdialogs --user-data-dir=""C:\\Users\\lucif\\AppData\\Local\\Packages\\Microsoft.MicrosoftOfficeHub_8wekyb3d8bbwe\\LocalState\\EBWebView"" --webview-exe-name=M365Copilot.exe --webview-exe-version=19.2603.36011.0 --embedded-browser-webview=1 --embedded-browser-webview-dpi-awareness=2 --startup-read-main-dll --metrics-shmem-handle=2284,i,7999022637986467163,5458196049371866081,524288 --field-trial-handle=1936,i,6785432178776410636,3332333081300311595,262144 --enable-features=msSingleSignOnOSForPrimaryAccountIsShared --disable-features=msEnhancedTrackingPreventionEnabled --variations-seed-version --pseudonymization-salt-handle=1940,i,4900413731238083123,5133283034875532249,4 --trace-process-track-uuid=3190708990060038890 --mojo-platform-channel-handle=2292 /prefetch:8",C:\\Program Files (x86)\\Microsoft\\EdgeWebView\\Application\\146.0.3856.109\\msedgewebview2.exe
2,4472,600,msedgewebview2,0xba8eedd2e080,15,-,1,False,2026-04-08 21:45:43.000000 UTC,N/A,\\Device\\HarddiskVolume2\\Program Files (x86)\\Microsoft\\EdgeWebView\\Application\\146.0.3856.109\\msedgewebview2.exe,"""C:\\Program Files (x86)\\Microsoft\\EdgeWebView\\Application\\146.0.3856.109\\msedgewebview2.exe"" --type=renderer --noerrdialogs --user-data-dir=""C:\\Users\\lucif\\AppData\\Local\\Packages\\Microsoft.MicrosoftOfficeHub_8wekyb3d8bbwe\\LocalState\\EBWebView"" --webview-exe-name=M365Copilot.exe --webview-exe-version=19.2603.36011.0 --embedded-browser-webview=1 --embedded-browser-webview-dpi-awareness=2 --disable-gpu-compositing --video-capture-use-gpu-memory-buffer --lang=en-US --device-scale-factor=1 --num-raster-threads=1 --renderer-client-id=7 --js-flags=""--expose-gc --ms-user-locale=en_GB"" --time-ticks-at-unix-epoch=-1775674259613731 --launch-time-ticks=10486646203 --skip-read-main-dll --metrics-shmem-handle=4728,i,7382854536543716666,10435104326931643289,2097152 --field-trial-handle=1936,i,6785432178776410636,3332333081300311595,262144 --enable-features=msSingleSignOnOSForPrimaryAccountIsShared --disable-features=msEnhancedTrackingPreventionEnabled --variations-seed-version --pseudonymization-salt-handle=1940,i,4900413731238083123,5133283034875532249,4 --trace-process-track-uuid=3190708992871164437 --mojo-platform-channel-handle=4720 /prefetch:1",C:\\Program Files (x86)\\Microsoft\\EdgeWebView\\Application\\146.0.3856.109\\msedgewebview2.exe
0,8060,4016,mspaint.exe,0xba8eed6cc2c0,2,-,1,False,2026-04-09 02:34:48.000000 UTC,N/A,\\Device\\HarddiskVolume2\\temp\\hijack\\mspaint.exe,"""C:\\temp\\hijack\\mspaint.exe"" ",C:\\temp\\hijack\\mspaint.exe

